"SYMBOL","UNDERLYING ASSET","OPEN","HIGH","LOW","PREV. CLOSE","LTP","INDICATIVE CLOSE","CHNG","%CHNG","VOLUME","VALUE (₹ Crores)","NAV","52W H","52W L","30D %CHNG","365 D","365 D % CHNG","30 D"
"HDFCPVTBAN","HDFC NIFTY Private Bank ETF","26.98","27.58","26.63","26.79","27.50","-","0.71","2.65","4,18,016","1.14","26.85","27.63","23.00",9.82,"16-Apr-2024","14.49","18-Mar-2025"
"BANKIETF","Nifty Bank","53.99","55.38","53.93","53.87","55.30","-","1.43","2.65","47,99,884","26.47","53.98","56.45","46.97",10.12,"16-Apr-2024","15.17","18-Mar-2025"
"SBIETFPB","Nifty Private Bank Index","268.56","275.56","267.31","268.56","275.30","-","6.74","2.51","36,293","0.99","269.12","277.20","234.15",10.71,"16-Apr-2024","14.91","18-Mar-2025"
"ABSLBANETF","Nifty Bank","54.37","55.24","53.00","53.86","55.14","-","1.28","2.38","21,86,135","11.94","53.89","55.90","46.33",10.08,"16-Apr-2024","14.86","18-Mar-2025"
"PVTBANIETF","Nifty Private Bank Index","26.57","27.34","26.47","26.58","27.20","-","0.62","2.33","1,43,43,100","38.70","26.62","27.36","22.23",10.06,"16-Apr-2024","14.17","18-Mar-2025"
"IVZINNIFTY","Nifty 50","2,659.37","2,679.15","2,659.23","2,617.85","2,678.65","-","60.80","2.32","28","0.01","2,642.68","3,100.00","2,404.09",3.79,"16-Apr-2024","8.05","18-Mar-2025"
"EBANKNIFTY","Edelweiss Nifty Bank ETF","53.59","54.27","53.20","52.98","54.19","-","1.21","2.28","7,643","0.04","53.05","56.38","47.00",10.63,"-","-","18-Mar-2025"
"BFSI","Nifty Financial Services Index","26.05","26.80","26.05","26.11","26.69","-","0.58","2.22","7,58,167","2.01","26.12","26.80","20.92",8.97,"16-Apr-2024","24.50","18-Mar-2025"
"BANKETF","Mirae Asset Nifty Bank ETF","534.41","547.48","534.41","534.41","546.26","-","11.85","2.22","6,771","0.37","535.27","556.75","462.00",9.84,"16-Apr-2024","14.74","18-Mar-2025"
"BANKNIFTY1","Nifty Bank","546.75","560.61","545.14","545.91","557.85","-","11.94","2.19","9,37,228","52.38","545.65","560.97","474.50",10.26,"16-Apr-2024","15.44","18-Mar-2025"
"UTISENSETF","SENSEX","838.45","857.52","835.23","838.45","856.69","-","18.24","2.18","1,826","0.16","838.60","938.90","771.00",4.62,"16-Apr-2024","8.64","18-Mar-2025"
"EVIETF","Nifty EV & New Age Automotive ETF","25.94","26.76","25.72","25.94","26.50","-","0.56","2.16","42,85,493","11.31","26.04","26.76","25.72","-","-","-","-"
"UTIBANKETF","Nifty Bank","54.41","55.80","54.36","54.63","55.80","-","1.17","2.14","36,23,368","20.11","54.38","57.00","47.10",9.39,"16-Apr-2024","15.45","18-Mar-2025"
"BANKETFADD","DSP Nifty Bank ETF","53.90","55.20","53.90","53.91","55.06","-","1.15","2.13","1,76,656","0.97","53.82","61.00","46.50",10.09,"16-Apr-2024","14.89","18-Mar-2025"
"BANKBEES","Nifty Bank","543.81","557.00","543.38","543.80","555.35","-","11.55","2.12","31,06,846","171.55","544.65","558.78","475.25",9.77,"16-Apr-2024","14.72","18-Mar-2025"
"HDFCNIFBAN","Nifty Bank","54.28","55.50","54.11","54.10","55.23","-","1.13","2.09","10,99,433","6.09","54.13","56.30","46.49",10.29,"16-Apr-2024","14.92","18-Mar-2025"
"GROWWN200","Nifty 200 Index- Total Return Index","10.64","10.70","10.36","10.43","10.64","-","0.21","2.01","2,93,763","0.31","10.45","12.45","9.00",5.27,"-","-","18-Mar-2025"
"AXISBNKETF","Nifty Bank","542.60","555.99","542.00","542.60","553.35","-","10.75","1.98","8,956","0.49","542.54","566.49","473.35",10.12,"16-Apr-2024","15.08","18-Mar-2025"
"NPBET","Nifty Private Bank Index","271.11","279.72","271.11","272.09","277.48","-","5.39","1.98","5,690","0.16","272.72","299.00","235.23",9.85,"16-Apr-2024","14.25","18-Mar-2025"
"INFRABEES","Nifty Infra","875.99","892.50","869.47","875.33","892.50","-","17.17","1.96","15,626","1.38","875.26","1,044.85","783.98",7.03,"16-Apr-2024","-3.67","18-Mar-2025"
"PVTBANKADD","DSP Nifty Private Bank ETF","26.50","27.45","26.50","26.68","27.20","-","0.52","1.95","3,45,700","0.94","26.75","31.00","23.00",10.08,"16-Apr-2024","14.38","18-Mar-2025"
"SENSEXIETF","SENSEX","869.20","889.72","865.02","869.20","886.10","-","16.90","1.94","17,678","1.55","870.25","980.00","720.00",4.56,"16-Apr-2024","8.91","18-Mar-2025"
"SENSEXADD","DSP S&P BSE Sensex ETF","78.17","79.75","77.81","77.84","79.35","-","1.51","1.94","3,343","0.03","78.07","95.00","70.00",4.73,"16-Apr-2024","8.59","18-Mar-2025"
"TOP100CASE","Zerodha Nifty 100 ETF","9.99","10.09","9.89","9.90","10.09","-","0.19","1.92","10,67,063","1.07","9.93","12.00","8.01",4.46,"-","-","18-Mar-2025"
"SENSEXETF","Mirae Asset S&P BSE Sensex ETF","77.89","79.75","77.71","78.09","79.58","-","1.49","1.91","39,856","0.31","78.14","100.00","72.00",4.53,"16-Apr-2024","8.21","18-Mar-2025"
"MOM50","Nifty 50","240.76","245.45","240.74","240.74","245.25","-","4.51","1.87","8,760","0.21","241.10","281.00","218.00",4.15,"16-Apr-2024","8.79","18-Mar-2025"
"UTINIFTETF","Nifty 50","254.67","260.05","253.44","255.14","259.90","-","4.76","1.87","54,797","1.42","255.26","285.31","234.73",4.51,"16-Apr-2024","8.59","18-Mar-2025"
"SETFNIFBK","Nifty Bank","539.01","552.67","535.96","540.96","551.00","-","10.04","1.86","6,34,349","34.96","540.25","554.30","469.99",10.04,"16-Apr-2024","14.86","18-Mar-2025"
"BANKPSU","Nifty PSU Bank Total Return Index","63.98","65.24","63.98","63.82","65.00","-","1.18","1.85","17,560","0.11","64.09","74.11","55.29",10.54,"-","-","18-Mar-2025"
"BSLSENETFG","BSE SENSEX Index","76.16","78.00","75.88","76.15","77.54","-","1.39","1.83","5,486","0.04","76.29","87.70","61.47",4.68,"16-Apr-2024","9.10","18-Mar-2025"
"QNIFTY","Nifty 50","2,538.00","2,586.00","2,532.00","2,539.96","2,586.00","-","46.04","1.81","763","0.20","2,536.58","2,884.51","2,336.25",4.49,"16-Apr-2024","8.86","18-Mar-2025"
"PSUBNKIETF","ICICI Prudential Nifty PSU Bank ETF","64.53","65.79","64.50","64.53","65.70","-","1.17","1.81","2,49,133","1.63","64.64","86.70","55.80",10.39,"16-Apr-2024","-6.48","18-Mar-2025"
"NIFTYIETF","Nifty 50","260.59","265.88","259.28","260.53","265.25","-","4.72","1.81","4,61,284","12.12","260.96","295.30","234.97",4.23,"16-Apr-2024","8.82","18-Mar-2025"
"SETFNIF50","Nifty 50","247.98","252.19","246.39","247.69","252.12","-","4.43","1.79","10,95,110","27.51","247.95","277.25","227.33",4.19,"16-Apr-2024","8.63","18-Mar-2025"
"BBNPNBETF","Baroda BNP Paribas NIFTY Bank ETF","53.25","54.36","53.15","53.04","53.99","-","0.95","1.79","2,30,838","1.24","53.03","56.15","47.43",9.88,"-","-","18-Mar-2025"
"HDFCSENSEX","SENSEX","85.94","87.95","85.37","85.92","87.44","-","1.52","1.77","55,563","0.48","85.88","100.00","79.10",4.22,"16-Apr-2024","8.61","18-Mar-2025"
"HDFCVALUE","HDFC NIFTY50 Value 20 ETF","126.61","128.86","125.81","126.62","128.86","-","2.24","1.77","23,165","0.29","126.81","155.70","117.50",0.06,"16-Apr-2024","4.24","18-Mar-2025"
"TOP10ADD","Nifty Top 10 Equal Weight Index","92.47","94.18","91.82","92.48","94.08","-","1.60","1.73","1,44,280","1.35","92.38","119.70","86.50",3.82,"-","-","18-Mar-2025"
"NIFTY50ADD","Nifty 50 Index","242.09","247.33","240.91","242.19","246.37","-","4.18","1.73","15,520","0.38","242.60","278.30","217.84",4.25,"16-Apr-2024","8.29","18-Mar-2025"
"BANKBETF","Bajaj Finserv Nifty Bank ETF","53.50","54.74","53.31","53.51","54.43","-","0.92","1.72","73,730","0.40","53.42","62.13","41.51",10.09,"16-Apr-2024","15.19","18-Mar-2025"
"HDFCBSE500","HDFC S&P BSE 500 ETF","34.09","34.77","33.71","33.97","34.55","-","0.58","1.71","46,038","0.16","34.18","44.40","31.14",4.75,"16-Apr-2024","5.90","18-Mar-2025"
"CONSUMIETF","Nifty India Consumption Index","113.70","115.94","113.33","113.86","115.80","-","1.94","1.70","26,009","0.30","113.93","154.00","101.23",7.24,"16-Apr-2024","12.37","18-Mar-2025"
"NIFTYBEES","Nifty 50","262.94","266.79","260.60","261.91","266.36","-","4.45","1.70","98,18,354","259.84","262.32","293.99","231.30",4.19,"16-Apr-2024","8.56","18-Mar-2025"
"LICNETFN50","Nifty 50","257.96","263.13","257.96","257.96","262.31","-","4.35","1.69","1,015","0.03","258.50","326.00","230.00",4.45,"16-Apr-2024","9.03","18-Mar-2025"
"NIFTYBETF","Bajaj Finserv Nifty 50 ETF","236.25","241.02","235.63","237.02","241.02","-","4.00","1.69","8,179","0.20","237.04","273.52","217.56",4.28,"16-Apr-2024","8.43","18-Mar-2025"
"HDFCPSUBK","HDFC NIFTY PSU BANK ETF","64.36","65.56","64.18","64.32","65.40","-","1.08","1.68","64,652","0.42","64.42","81.65","55.68",10.4,"16-Apr-2024","-6.22","18-Mar-2025"
"NIFTYETF","Nifty 50","251.99","255.19","249.00","250.03","254.22","-","4.19","1.68","2,36,957","6.00","250.50","283.80","226.00",4.55,"16-Apr-2024","8.77","18-Mar-2025"
"ESG","NIFTY100 ESG SECTOR LEADERS","40.15","40.45","39.47","39.67","40.33","-","0.66","1.66","16,340","0.07","39.69","44.74","35.70",4.54,"16-Apr-2024","9.30","18-Mar-2025"
"AXSENSEX","AXIS S&P BSE SENSEX ETF","78.60","80.11","78.59","78.71","80.00","-","1.29","1.64","2,105","0.02","78.55","98.00","66.40",4.19,"16-Apr-2024","8.71","18-Mar-2025"
"HDFCNIFTY","Nifty 50","260.99","264.10","258.06","259.73","264.00","-","4.27","1.64","90,058","2.35","259.55","292.45","235.70",4.28,"16-Apr-2024","8.55","18-Mar-2025"
"NETF","Tata Nifty 50 Exchange Traded Fund","247.00","260.80","247.00","250.28","254.31","-","4.03","1.61","18,306","0.47","250.81","282.96","227.05",3.91,"16-Apr-2024","8.28","18-Mar-2025"
"AXISNIFTY","Nifty 50","257.32","259.77","253.41","254.78","258.86","-","4.08","1.60","18,224","0.47","254.93","288.50","234.47",4.42,"16-Apr-2024","8.56","18-Mar-2025"
"SBIBPB","BSE PSU Bank Index TRI","37.02","37.78","36.95","37.02","37.61","-","0.59","1.59","1,567","0.01","37.10","37.78","34.37","-","-","-","-"
"NIF100IETF","Nifty 100","27.35","27.35","26.00","26.53","26.95","-","0.42","1.58","2,63,930","0.71","26.55","34.57","23.85",4.26,"16-Apr-2024","-89.29","18-Mar-2025"
"MSCIINDIA","MSCI India Index","27.52","28.00","27.49","27.52","27.95","-","0.43","1.56","7,459","0.02","27.56","29.00","25.60",4.76,"-","-","18-Mar-2025"
"PSUBANK","Nifty PSU Bank","639.51","650.50","637.70","640.01","650.00","-","9.99","1.56","17,687","1.14","638.88","896.99","552.00",10.19,"16-Apr-2024","-6.00","18-Mar-2025"
"BSE500IETF","S&P BSE 500 index","36.31","36.53","35.60","35.96","36.51","-","0.55","1.53","1,41,185","0.51","35.98","47.60","33.00",4.59,"16-Apr-2024","6.42","18-Mar-2025"
"SBINEQWETF","Nifty50 Equal Weight","30.08","30.08","29.20","29.49","29.94","-","0.45","1.53","40,358","0.12","29.52","34.57","27.30",4.44,"-","-","18-Mar-2025"
"IDFNIFTYET","Nifty 50","253.57","258.84","253.57","254.38","258.24","-","3.86","1.52","1,238","0.03","254.67","298.84","230.00",3.96,"16-Apr-2024","8.25","18-Mar-2025"
"SHARIABEES","Shariah","492.98","493.00","480.03","485.65","493.00","-","7.35","1.51","5,898","0.29","486.03","617.70","439.91",1.53,"16-Apr-2024","2.37","18-Mar-2025"
"AXISCETF","NIFTY India Consumption Index","113.33","115.15","113.09","113.28","114.95","-","1.67","1.47","2,119","0.02","113.43","140.00","101.00",7.1,"16-Apr-2024","11.79","18-Mar-2025"
"NV20","Nifty50 Value 20","140.00","142.41","139.50","140.33","142.39","-","2.06","1.47","20,577","0.29","140.54","169.00","131.11",0.47,"16-Apr-2024","3.66","18-Mar-2025"
"NV20IETF","Nifty50 Value 20","13.99","13.99","13.62","13.74","13.94","-","0.20","1.46","5,40,435","0.75","13.75","17.11","11.20",0.22,"16-Apr-2024","3.80","18-Mar-2025"
"NIFTY1","Nifty 50","256.10","259.97","253.56","256.11","259.70","-","3.59","1.40","34,806","0.90","255.46","287.68","235.26",4.21,"16-Apr-2024","8.67","18-Mar-2025"
"LICNETFSEN","SENSEX","861.74","869.86","853.96","857.46","869.50","-","12.04","1.40","321","0.03","855.78","989.00","780.00",3.98,"16-Apr-2024","9.04","18-Mar-2025"
"PSUBANKADD","DSP Nifty PSU Bank ETF","64.08","65.43","64.07","64.07","64.97","-","0.90","1.40","22,695","0.15","64.18","82.90","55.47",10.79,"16-Apr-2024","-6.52","18-Mar-2025"
"HDFCNIF100","HDFC NIFTY 100 ETF","24.71","25.01","24.40","24.48","24.82","-","0.34","1.39","1,20,176","0.30","24.54","29.10","22.23",4.41,"16-Apr-2024","6.97","18-Mar-2025"
"AONETOTAL","Nifty Total Market Index","10.79","11.37","10.74","10.79","10.94","-","0.15","1.39","3,64,411","0.40","10.77","11.57","9.63","-","-","-","-"
"NIF100BEES","Nifty 100 TRI","251.79","256.55","250.54","252.01","255.51","-","3.50","1.39","20,624","0.52","252.42","289.98","220.00",4.45,"16-Apr-2024","6.83","18-Mar-2025"
"HDFCLOWVOL","HDFC NIFTY100 Low Volatility 30 ETF","18.78","19.35","18.78","19.09","19.35","-","0.26","1.36","12,102","0.02","19.15","22.25","17.00",4.32,"16-Apr-2024","7.27","18-Mar-2025"
"HDFCQUAL","HDFC NIFTY100 Quality 30 ETF","53.94","54.94","53.04","53.94","54.67","-","0.73","1.35","29,858","0.16","53.64","66.28","49.53",3.6,"16-Apr-2024","5.43","18-Mar-2025"
"PSUBNKBEES","Nifty PSU Bank","71.47","72.89","69.98","71.39","72.35","-","0.96","1.34","78,06,883","56.42","71.27","90.30","61.54",10.66,"16-Apr-2024","-6.16","18-Mar-2025"
"OILIETF","Nifty Oil & Gas Index","10.62","10.80","10.57","10.64","10.78","-","0.14","1.32","19,11,114","2.05","10.66","14.00","9.42",5.9,"-","-","18-Mar-2025"
"HDFCGROWTH","HDFC NIFTY Growth Sectors 15 ETF","109.76","111.00","108.30","109.52","110.97","-","1.45","1.32","26,328","0.29","109.20","147.00","103.11",-0.51,"16-Apr-2024","1.80","18-Mar-2025"
"METALIETF","Nifty Metal Index","8.48","8.55","8.34","8.44","8.55","-","0.11","1.30","44,70,261","3.79","8.46","10.67","7.35",-5.97,"-","-","18-Mar-2025"
"UTINEXT50","Nifty Next 50","67.31","68.72","67.31","67.83","68.70","-","0.87","1.28","1,57,971","1.08","67.98","83.00","59.90",5.79,"16-Apr-2024","3.69","18-Mar-2025"
"NV20BEES","Nifty50 Value20 TRI","140.21","142.95","140.20","140.92","142.69","-","1.77","1.26","21,078","0.30","141.06","175.00","130.00",0.54,"16-Apr-2024","3.90","18-Mar-2025"
"HEALTHIETF","Nifty Healthcare Index","138.10","140.13","138.09","138.10","139.82","-","1.72","1.25","56,643","0.79","138.16","157.70","116.01",1.71,"16-Apr-2024","16.35","18-Mar-2025"
"NIFITETF","UTI Nifty IT ETF","340.78","350.00","332.40","340.78","345.00","-","4.22","1.24","4,157","0.14","339.67","469.99","321.68",-8.92,"16-Apr-2024","1.12","18-Mar-2025"
"LICNMID100","LIC MF Nifty Midcap 100 ETF","52.65","53.32","52.19","52.16","52.80","-","0.64","1.23","5,904","0.03","52.40","65.00","46.03",6.49,"16-Apr-2024","6.58","18-Mar-2025"
"EQUAL50ADD","NIFTY 50 Equal Weight Index","302.00","307.78","300.06","302.39","306.10","-","3.71","1.23","15,602","0.48","302.99","351.28","280.00",4.63,"16-Apr-2024","7.36","18-Mar-2025"
"BSLNIFTY","Nifty 50","26.93","27.45","26.72","26.94","27.27","-","0.33","1.22","4,54,068","1.23","26.98","30.45","20.37",4.26,"16-Apr-2024","8.73","18-Mar-2025"
"PHARMABEES","Nifty Pharma TRI","21.60","21.90","21.21","21.28","21.54","-","0.26","1.22","52,51,997","11.28","21.31","24.65","17.00",0.33,"16-Apr-2024","13.67","18-Mar-2025"
"CONSUMBEES","Nifty India Consumption TRI","122.46","124.60","122.00","122.82","124.32","-","1.50","1.22","1,60,208","1.98","122.65","148.05","107.90",7.11,"16-Apr-2024","11.81","18-Mar-2025"
"MOMOMENTUM","Nifty 200 Momentum 30 Total Return Index","56.48","56.95","55.63","56.27","56.95","-","0.68","1.21","1,14,270","0.64","56.19","78.50","51.21",1.97,"16-Apr-2024","-9.94","18-Mar-2025"
"MOCAPITAL","Nifty Capital Market Total Return Index","35.47","35.86","35.36","35.30","35.72","-","0.42","1.19","69,819","0.25","35.37","35.86","29.20","-","-","-","-"
"LOWVOL","Mirae Asset Nifty 100 Low Volatility 30 ETF","190.85","194.27","190.69","191.99","194.25","-","2.26","1.18","417","0.01","191.79","227.00","159.00",4.84,"16-Apr-2024","8.33","18-Mar-2025"
"HEALTHY","Nifty Healthcare TRI","13.99","14.05","13.83","13.89","14.05","-","0.16","1.15","1,21,833","0.17","13.86","15.75","11.60",1.45,"16-Apr-2024","15.49","18-Mar-2025"
"HDFCMOMENT","HDFC NIFTY200 Momentum 30 ETF","27.51","28.34","27.51","27.94","28.26","-","0.32","1.15","1,89,650","0.53","27.88","39.50","25.50",1.51,"16-Apr-2024","-9.82","18-Mar-2025"
"NIFMID150","UTI Nifty Midcap 150 Exchange Traded Fund (ETF)","193.71","195.91","193.69","193.71","195.91","-","2.20","1.14","1,565","0.03","193.99","232.80","174.82",5.49,"16-Apr-2024","5.10","18-Mar-2025"
"SETFNN50","Nifty Next 50","674.99","682.54","670.27","674.24","681.96","-","7.72","1.14","31,537","2.14","675.25","825.60","585.51",5.61,"16-Apr-2024","3.96","18-Mar-2025"
"ABSLNN50ET","Nifty Next 50","66.01","67.14","65.05","66.26","67.01","-","0.75","1.13","34,452","0.23","66.37","82.05","58.37",5.35,"16-Apr-2024","4.07","18-Mar-2025"
"LICMFGOLD","Gold","8,725.10","8,725.10","8,602.15","8,563.45","8,659.85","-","96.40","1.13","2,833","2.46","-","8,725.10","6,266.00",7.12,"16-Apr-2024","29.34","18-Mar-2025"
"VAL30IETF","Nifty200 Value 30 Index","12.48","12.62","12.40","12.48","12.62","-","0.14","1.12","1,27,782","0.16","12.51","14.14","10.93",5.8,"-","-","18-Mar-2025"
"CONS","Kotak Nifty India Consumption ETF","112.64","114.61","112.33","112.64","113.89","-","1.25","1.11","11,766","0.13","112.95","155.70","99.50",7.03,"16-Apr-2024","11.74","18-Mar-2025"
"EVINDIA","Nifty EV and New Age Automotive Total Return Index","26.30","26.51","25.85","26.07","26.35","-","0.28","1.07","3,80,106","1.00","26.04","36.00","23.83",-0.42,"-","-","18-Mar-2025"
"AUTOBEES","Nifty Auto TRI","216.20","218.86","214.01","216.21","218.50","-","2.29","1.06","1,57,448","3.42","215.79","285.00","197.07",1.01,"16-Apr-2024","-3.13","18-Mar-2025"
"FINIETF","ICICI Prudential Nifty Financial Services Ex-Bank ETF","27.54","27.85","27.33","27.54","27.83","-","0.29","1.05","3,28,024","0.90","27.51","30.00","21.76",8.9,"16-Apr-2024","19.69","18-Mar-2025"
"HEALTHADD","DSP Nifty Healthcare ETF","138.97","138.98","136.59","135.70","137.09","-","1.39","1.02","1,181","0.02","136.09","151.58","115.00",1.46,"16-Apr-2024","15.57","18-Mar-2025"
"COMMOIETF","ICICI Prudential Nifty Commodities ETF","83.99","85.37","83.67","84.44","85.30","-","0.86","1.02","64,220","0.54","84.61","101.33","75.61",3.21,"16-Apr-2024","-1.31","18-Mar-2025"
"BSLGOLDETF","Gold","84.96","85.00","83.15","83.98","84.83","-","0.85","1.01","3,12,194","2.64","83.60","85.00","56.57",7.72,"16-Apr-2024","28.91","18-Mar-2025"
"MIDSELIETF","S&P BSE Midcap Select Index","15.93","16.00","15.53","15.84","16.00","-","0.16","1.01","2,49,586","0.40","15.82","20.00","13.86",3.3,"16-Apr-2024","-89.33","18-Mar-2025"
"NIF5GETF","UTI Nifty 5 yr Benchmark G-Sec ETF","61.41","61.90","61.40","61.30","61.90","-","0.60","0.98","39","-","61.56","62.99","54.70",2.12,"16-Apr-2024","10.40","18-Mar-2025"
"ECAPINSURE","BSE Capital Markets & Insurance Total Return Index","19.69","20.25","19.55","19.59","19.78","-","0.19","0.97","29,547","0.06","19.65","24.35","17.13",8.47,"-","-","18-Mar-2025"
"MONIFTY500","Motilal Oswal Nifty 500 ETF","21.71","21.92","21.52","21.70","21.91","-","0.21","0.97","3,09,780","0.67","21.62","25.00","19.50",5.4,"16-Apr-2024","6.63","18-Mar-2025"
"INFRAIETF","ICICI Prudential Nifty Infrastructure ETF","86.57","88.50","86.35","86.96","87.80","-","0.84","0.97","1,22,851","1.08","86.81","100.10","77.65",7.31,"16-Apr-2024","3.57","18-Mar-2025"
"MOM30IETF","ICICI Prudential Nifty 200 Momentum 30 ETF","28.21","28.50","28.00","28.20","28.47","-","0.27","0.96","7,66,656","2.17","28.15","39.42","25.00",1.71,"16-Apr-2024","-10.08","18-Mar-2025"
"CONSUMER","NiftyﾠIndiaﾠNewﾠAgeﾠConsumption","10.89","10.89","10.62","10.68","10.78","-","0.10","0.94","93,446","0.10","10.68","13.97","9.00",5.16,"-","-","18-Mar-2025"
"SELECTIPO","BSE Select IPO Index","43.32","43.91","43.16","43.42","43.83","-","0.41","0.94","11,871","0.05","43.39","50.00","35.40","-","-","-","-"
"AXISVALUE","Nifty500 Value 50 TRI","26.85","27.03","26.54","26.75","27.00","-","0.25","0.93","10,559","0.03","26.73","28.07","24.00","-","-","-","-"
"GROWWEV","Nifty EV and New Age Automotive Index","26.10","26.41","25.85","26.07","26.31","-","0.24","0.92","2,82,802","0.74","25.99","36.06","23.00",-0.38,"-","-","18-Mar-2025"
"SBIETFCON","Nifty India Consumption Index","113.72","115.20","113.22","113.72","114.76","-","1.04","0.91","11,899","0.14","113.59","136.00","100.30",6.99,"16-Apr-2024","11.91","18-Mar-2025"
"GROWWRAIL","Nifty India Railways PSU Index","34.75","36.40","34.71","35.33","35.65","-","0.32","0.91","2,39,701","0.85","35.38","39.70","28.72",7.76,"-","-","18-Mar-2025"
"MAKEINDIA","Nifty India Manufacturing Total Return Index","131.86","132.35","128.30","130.86","132.02","-","1.16","0.89","23,458","0.31","130.84","161.10","119.50",1,"16-Apr-2024","4.32","18-Mar-2025"
"DIVOPPBEES","Nifty Dividend Opportunities 50 TRI","74.90","75.04","73.11","74.38","75.04","-","0.66","0.89","80,097","0.60","74.24","99.00","68.30",2.05,"16-Apr-2024","2.56","18-Mar-2025"
"GSEC5IETF","Nifty 5 yr Benchmark G-Sec Index","61.75","61.83","61.03","61.24","61.78","-","0.54","0.88","5,447","0.03","61.33","66.00","54.10",3.19,"16-Apr-2024","11.12","18-Mar-2025"
"NIFTY100EW","Nifty 100 Equal Weight Index","31.46","31.46","30.34","30.69","30.96","-","0.27","0.88","7,388","0.02","30.57","31.80","24.25","-","-","-","-"
"AUTOIETF","Nifty Auto Index","21.60","21.84","21.38","21.59","21.78","-","0.19","0.88","4,38,783","0.95","21.60","28.36","19.72",0.41,"16-Apr-2024","-1.18","18-Mar-2025"
"NIFTYQLITY","Aditya Birla Sun Life Nifty 200 Quality 30 ETF","20.04","20.05","19.64","19.82","19.99","-","0.17","0.86","1,45,187","0.29","19.79","25.10","18.30",3.8,"16-Apr-2024","5.56","18-Mar-2025"
"GOLD360","Commodity ﾖ Gold","93.95","94.90","93.95","93.80","94.60","-","0.80","0.85","2,070","0.02","93.57","94.90","86.30","-","-","-","-"
"MID150CASE","Zerodha Nifty Midcap 150 ETF","9.65","9.66","9.55","9.56","9.64","-","0.08","0.84","12,96,458","1.24","9.57","12.97","7.66",5.49,"-","-","18-Mar-2025"
"EQUAL200","BSE 200 Equal Weight","12.02","12.15","12.00","12.03","12.13","-","0.10","0.83","17,939","0.02","10.38","12.36","11.03","-","-","-","-"
"ICICIB22","S&P BSE BHARAT 22 index","105.25","105.72","103.25","104.73","105.58","-","0.85","0.81","6,75,551","7.08","104.67","124.00","93.02",5.25,"16-Apr-2024","2.29","18-Mar-2025"
"MOREALTY","Motilal Oswal Nifty Realty ETF","83.72","84.73","83.29","83.71","84.39","-","0.68","0.81","1,64,119","1.38","83.98","115.79","77.00",2.63,"16-Apr-2024","-10.31","18-Mar-2025"
"NEXT50IETF","Nifty Next 50","67.80","67.80","65.80","66.46","66.99","-","0.53","0.80","6,02,776","4.02","66.56","81.64","58.70",5.12,"16-Apr-2024","3.94","18-Mar-2025"
"MOMENTUM","Aditya Birla Sun Life Nifty 200 Momentum 30 ETF","28.40","28.40","27.80","28.03","28.25","-","0.22","0.78","74,676","0.21","28.02","39.57","25.75",1.4,"16-Apr-2024","-9.88","18-Mar-2025"
"LOWVOL1","Kotak Nifty 100 Low Vol 30 ETF","19.19","19.82","19.19","19.53","19.68","-","0.15","0.77","1,29,666","0.25","19.53","23.41","17.00",4.51,"16-Apr-2024","7.66","18-Mar-2025"
"BBNPPGOLD","Baroda BNP Paribas Gold ETF","93.65","93.65","92.90","92.35","93.05","-","0.70","0.76","1,467","0.01","92.50","94.90","67.10",7.02,"16-Apr-2024","28.26","18-Mar-2025"
"ITBEES","Nifty IT TRI","35.65","36.27","35.15","35.97","36.24","-","0.27","0.75","1,74,47,191","62.13","35.96","49.76","33.63",-8.49,"16-Apr-2024","1.32","18-Mar-2025"
"CPSEETF","CPSE ETF","88.26","88.65","87.19","87.85","88.50","-","0.65","0.74","29,45,814","25.97","87.98","106.60","74.90",6.86,"16-Apr-2024","4.70","18-Mar-2025"
"EMULTIMQ","Nifty500 Multicap Momentum Quality 50 Total Return Index","38.39","38.39","37.35","37.62","37.90","-","0.28","0.74","1,07,686","0.41","37.62","53.90","34.71",1.33,"-","-","18-Mar-2025"
"ALPL30IETF","Nifty Alpha Low-Volatility 30 Index","25.97","26.29","25.91","26.00","26.19","-","0.19","0.73","19,71,574","5.16","26.00","32.67","24.00",4.21,"16-Apr-2024","-90.13","18-Mar-2025"
"AXISBPSETF","Nifty AAA Bond Plus SDL Apr 2026 50:50 Index","12.85","12.85","12.45","12.47","12.56","-","0.09","0.72","15,67,970","1.96","12.59","14.00","11.00",0.8,"16-Apr-2024","7.91","18-Mar-2025"
"NEXT50","Nifty Next 50","651.30","656.76","647.33","651.30","655.98","-","4.68","0.72","11,247","0.73","650.52","899.00","573.45",5.72,"16-Apr-2024","4.12","18-Mar-2025"
"GOLDETFADD","DSP Gold ETF","93.46","93.60","92.37","92.36","93.02","-","0.66","0.71","4,67,862","4.35","92.48","93.60","66.90",7.28,"16-Apr-2024","28.19","18-Mar-2025"
"ALPHAETF","Mirae Asset Nifty 200 Alpha 30 ETF","22.64","22.86","22.51","22.64","22.80","-","0.16","0.71","31,79,235","7.24","22.63","30.20","19.61",5.6,"16-Apr-2024","-3.06","18-Mar-2025"
"MOLOWVOL","Nifty Midcap 100 TRI","36.50","36.50","35.41","35.78","36.03","-","0.25","0.70","5,986","0.02","35.71","41.85","33.05",5.01,"16-Apr-2024","3.65","18-Mar-2025"
"MIDSMALL","Mirae Asset Nifty MidSmallcap400 Momentum Quality 100 ETF","43.70","44.74","43.70","44.37","44.67","-","0.30","0.68","2,17,531","0.97","44.33","57.00","40.00",5.53,"-","-","18-Mar-2025"
"MULTICAP","Nifty500 Multicap 50:25:25 Index","14.82","15.00","14.70","14.81","14.91","-","0.10","0.68","8,76,273","1.30","14.79","17.55","13.43",5.36,"-","-","18-Mar-2025"
"MON100","Nasdaq100","166.77","166.77","162.45","165.13","166.25","-","1.12","0.68","18,47,824","30.32","152.70","221.70","138.51",-6.56,"16-Apr-2024","13.61","18-Mar-2025"
"MOQUALITY","Motilal Oswal S&P BSE Quality ETF","176.18","177.51","175.00","175.82","177.00","-","1.18","0.67","980","0.02","176.15","222.70","162.15",3.8,"16-Apr-2024","0.28","18-Mar-2025"
"JUNIORBEES","Nifty Next 50","683.70","687.33","677.66","681.39","685.90","-","4.51","0.66","4,39,778","30.05","681.77","830.00","595.00",5.08,"16-Apr-2024","3.73","18-Mar-2025"
"MIDCAPIETF","Nifty Midcap 150","19.99","20.05","19.74","19.85","19.98","-","0.13","0.65","9,24,669","1.84","19.84","23.70","17.80",5.28,"16-Apr-2024","-89.33","18-Mar-2025"
"MOHEALTH","Motilal Oswal S&P BSE Healthcare ETF","42.29","42.29","41.15","41.78","42.05","-","0.27","0.65","27,352","0.11","41.71","46.97","34.00",2.99,"16-Apr-2024","19.44","18-Mar-2025"
"TNIDETF","Nifty India Digital Index","82.88","83.84","82.00","83.30","83.83","-","0.53","0.64","65,818","0.55","83.01","104.78","71.98",1.36,"16-Apr-2024","6.39","18-Mar-2025"
"FMCGIETF","Nifty FMCG Index","59.66","59.82","58.68","59.37","59.75","-","0.38","0.64","9,88,581","5.88","59.49","71.20","53.12",7.99,"16-Apr-2024","-89.22","18-Mar-2025"
"MID150","Nifty Midcap 150 Index","19.46","20.16","19.07","19.46","19.58","-","0.12","0.62","13,943","0.03","-","22.95","17.98","-","-","-","-"
"MAHKTECH","Hang Seng TECH Total Return Index","21.75","21.75","21.01","21.19","21.32","-","0.13","0.61","17,44,037","3.72","17.69","26.74","12.20",-17.21,"16-Apr-2024","72.97","18-Mar-2025"
"MIDCAPETF","Mirae Asset Mutual Fund - Mirae Asset Nifty Midcap 150 ETF","19.64","19.77","19.50","19.64","19.76","-","0.12","0.61","59,09,936","11.62","19.59","23.20","16.00",5.9,"16-Apr-2024","6.93","18-Mar-2025"
"QUAL30IETF","ICICI Prudential Nifty 200 Quality 30 ETF","19.53","19.70","19.39","19.58","19.70","-","0.12","0.61","1,20,017","0.23","19.62","26.50","18.01",3.75,"16-Apr-2024","-89.50","18-Mar-2025"
"GOLDCASE","Zerodha Gold ETF","15.29","15.29","15.00","15.00","15.09","-","0.09","0.60","20,35,392","3.08","14.98","15.29","10.50",7.17,"16-Apr-2024","28.64","18-Mar-2025"
"UTISXN50","BSE Sensex Next 50","83.40","84.52","81.89","83.54","84.04","-","0.50","0.60","6,567","0.06","83.71","96.27","66.72",5.59,"16-Apr-2024","10.05","18-Mar-2025"
"HDFCNEXT50","HDFC NIFTY NEXT 50 ETF","64.72","65.24","64.15","64.72","65.11","-","0.39","0.60","68,158","0.44","64.56","88.00","57.00",5.15,"16-Apr-2024","3.89","18-Mar-2025"
"MOMENTUM50","Nifty 500 Momentum 50 Total Return Index","47.74","47.81","47.12","47.45","47.73","-","0.28","0.59","3,73,300","1.78","47.36","66.00","42.40",3.81,"-","-","18-Mar-2025"
"MOSMALL250","Motilal Oswal Nifty Smallcap 250 ETF","15.49","15.58","15.28","15.40","15.49","-","0.09","0.58","7,18,459","1.11","15.39","19.30","13.22",6.32,"16-Apr-2024","1.51","18-Mar-2025"
"ITIETF","Nifty IT Index","35.56","36.16","35.10","35.95","36.16","-","0.21","0.58","11,71,187","4.16","35.91","49.53","33.43",-8.59,"16-Apr-2024","1.46","18-Mar-2025"
"HDFCMID150","HDFC NIFTY Midcap 150 ETF","19.44","19.70","19.22","19.44","19.55","-","0.11","0.57","5,28,541","1.03","19.45","23.65","17.51",5.17,"16-Apr-2024","6.49","18-Mar-2025"
"MNC","Kotak Nifty MNC ETF","26.84","27.18","26.75","26.83","26.98","-","0.15","0.56","1,34,043","0.36","26.91","33.48","24.52",2.27,"16-Apr-2024","1.57","18-Mar-2025"
"GSEC10ABSL","CRISIL 10 Year Gilt ETF","107.60","107.60","107.60","107.00","107.60","-","0.60","0.56","21","-","107.73","119.76","99.80",2.18,"-","-","12-Mar-2025"
"QGOLDHALF","Gold","79.99","79.99","78.81","78.75","79.18","-","0.43","0.55","62,011","0.49","78.65","79.99","57.60",7.17,"16-Apr-2024","28.47","18-Mar-2025"
"MOM100","Nifty Midcap 100","55.56","56.65","54.45","56.12","56.43","-","0.31","0.55","5,57,579","3.13","56.08","66.45","50.30",6.19,"16-Apr-2024","7.30","18-Mar-2025"
"SETFGOLD","Gold","83.33","83.33","81.55","81.46","81.90","-","0.44","0.54","32,38,471","26.54","81.31","83.33","58.65",7.27,"16-Apr-2024","28.58","18-Mar-2025"
"LICNFNHGP","Nifty 100","263.50","265.99","262.19","261.89","263.31","-","1.42","0.54","519","0.01","259.91","325.00","240.00",-1.81,"16-Apr-2024","8.04","18-Mar-2025"
"SBIETFQLTY","Nifty 200 Quality 30 Index","205.70","207.62","204.13","205.74","206.80","-","1.06","0.52","3,360","0.07","206.38","257.15","191.50",3.8,"16-Apr-2024","4.86","18-Mar-2025"
"ABSLPSE","Aditya Birla Sun Life Nifty PSE ETF","9.64","9.74","9.59","9.64","9.69","-","0.05","0.52","3,07,626","0.30","9.66","11.82","8.00",8.49,"-","-","18-Mar-2025"
"BBETF0432","Nifty BHARAT Bond Index - April 2032","1,256.01","1,262.29","1,256.01","1,255.90","1,262.29","-","6.39","0.51","6,714","0.84","1,257.27","1,285.00","1,130.00",2.43,"16-Apr-2024","10.53","18-Mar-2025"
"GOLDETF","Mirae Asset Gold ETF","92.82","93.89","92.81","92.71","93.16","-","0.45","0.49","3,37,612","3.15","92.59","93.89","67.25",7.25,"16-Apr-2024","28.63","18-Mar-2025"
"MOVALUE","Motilal Oswal S&P BSE Enhanced Value ETF","97.09","97.56","95.78","96.56","97.02","-","0.46","0.48","83,726","0.81","96.49","114.10","85.91",6.02,"16-Apr-2024","2.24","18-Mar-2025"
"MIDQ50ADD","Nifty Midcap 150 Quality 50 Index","224.54","226.82","222.90","224.53","225.60","-","1.07","0.48","17,632","0.40","224.86","269.48","204.61",3.71,"16-Apr-2024","7.23","18-Mar-2025"
"LOWVOLIETF","Nifty 100 Low Volatility 30 Index","20.80","20.89","20.42","20.63","20.73","-","0.10","0.48","5,10,710","1.06","20.59","24.40","18.50",4.51,"16-Apr-2024","8.42","18-Mar-2025"
"HDFCGOLD","Gold","82.37","82.50","81.61","81.61","81.99","-","0.38","0.47","27,74,574","22.76","81.38","82.65","59.57",7.42,"16-Apr-2024","28.56","18-Mar-2025"
"ITETF","Mirae Asset Nifty IT ETF","34.50","34.50","33.42","34.24","34.40","-","0.16","0.47","9,51,777","3.22","34.22","48.05","31.00",-9.06,"16-Apr-2024","1.03","18-Mar-2025"
"ABGSEC","Aditya Birla Sun Life CRISIL Broad Based Gilt ETF","108.69","109.46","108.69","108.49","108.99","-","0.50","0.46","162","-","108.93","120.00","99.66",2.23,"-","-","18-Mar-2025"
"IT","NIFTY IT Index","35.82","35.99","34.96","35.83","35.99","-","0.16","0.45","3,52,275","1.25","35.77","49.50","32.55",-9.01,"16-Apr-2024","0.76","18-Mar-2025"
"TATAGOLD","Tata Gold Exchange Traded Fund","9.55","9.55","9.30","9.29","9.33","-","0.04","0.43","1,66,58,961","15.61","9.25","10.48","6.30",7.24,"16-Apr-2024","28.69","18-Mar-2025"
"UNIONGOLD","Commodity Gold","97.00","99.55","93.00","93.95","94.35","-","0.40","0.43","380","-","93.59","99.55","82.00",7.58,"-","-","18-Mar-2025"
"LTGILTBEES","NIFTY 8-13 yr G-Sec Index","28.44","28.60","28.40","28.44","28.56","-","0.12","0.42","50,40,715","14.38","28.43","28.75","25.13",3.1,"16-Apr-2024","12.56","18-Mar-2025"
"NEXT30ADD","BSE SENSEX Next 30 Index","36.00","36.42","35.98","36.14","36.29","-","0.15","0.42","1,754","0.01","36.11","38.90","32.27",4.85,"-","-","18-Mar-2025"
"GOLDIETF","Gold","83.93","83.93","81.80","81.74","82.08","-","0.34","0.42","26,00,115","21.36","81.44","83.93","59.00",7.35,"16-Apr-2024","28.95","18-Mar-2025"
"EBBETF0433","BHARAT Bond ETF-April 2033","1,224.00","1,230.00","1,224.00","1,224.83","1,229.65","-","4.82","0.39","14,496","1.78","1,224.06","1,230.00","1,101.01",2.91,"16-Apr-2024","10.73","18-Mar-2025"
"HDFCSML250","HDFC NIFTY Smallcap 250 ETF","154.35","155.63","153.56","154.66","155.25","-","0.59","0.38","8,00,089","12.39","154.39","189.95","135.21",6.28,"16-Apr-2024","1.79","18-Mar-2025"
"GOLDBEES","Gold","80.25","80.28","79.31","79.23","79.52","-","0.29","0.37","2,23,15,842","177.75","78.95","80.28","57.85",7.28,"16-Apr-2024","28.50","18-Mar-2025"
"METAL","Nifty Metal Total Return Index","8.49","8.52","8.35","8.46","8.49","-","0.03","0.35","18,15,222","1.54","8.46","10.84","7.73",-6.4,"-","-","18-Mar-2025"
"GOLD1","Gold","79.71","80.64","79.71","79.61","79.89","-","0.28","0.35","14,40,879","11.54","79.46","80.64","58.25",7.07,"16-Apr-2024","28.46","18-Mar-2025"
"MID150BEES","Nifty Midcap 150 TRI","202.60","202.60","197.13","198.85","199.52","-","0.67","0.34","4,79,653","9.54","198.55","235.65","179.00",5.1,"16-Apr-2024","6.32","18-Mar-2025"
"SETF10GILT","Nifty 10 yr Benchmark G-Sec Index","253.54","254.99","253.51","253.50","254.35","-","0.85","0.34","44,436","1.13","253.90","267.00","225.70",2.64,"16-Apr-2024","12.00","18-Mar-2025"
"GSEC10IETF","ICICI Prudential Nifty 10 yr Benchmark G-Sec ETF","253.00","255.42","253.00","254.59","255.42","-","0.83","0.33","1,015","0.03","253.64","255.42","222.95",2.87,"16-Apr-2024","12.46","18-Mar-2025"
"AXISHCETF","Nifty Healthcare Index","138.19","139.00","137.36","137.70","138.16","-","0.46","0.33","4,875","0.07","137.44","159.99","116.00",1.7,"16-Apr-2024","15.47","18-Mar-2025"
"ALPHA","NIFTY Alpha 50 Index","45.08","45.25","44.70","44.96","45.10","-","0.14","0.31","31,16,520","14.01","44.92","60.91","39.00",5.11,"16-Apr-2024","-3.37","18-Mar-2025"
"SMALLCAP","Mirae Asset Nifty Smallcap 250 Momentum Quality 100 ETF","42.12","42.34","41.90","42.11","42.24","-","0.13","0.31","18,64,350","7.87","42.09","55.25","37.45",4.79,"16-Apr-2024","-7.26","18-Mar-2025"
"GOLDSHARE","Gold","80.60","81.05","80.10","80.05","80.30","-","0.25","0.31","4,46,123","3.59","80.66","81.05","58.55",7.35,"16-Apr-2024","29.49","18-Mar-2025"
"GILT5YBEES","Nifty 5 yr Benchmark G-Sec Index","61.30","61.55","61.15","61.29","61.47","-","0.18","0.29","2,07,384","1.27","61.27","71.00","54.25",2.6,"16-Apr-2024","11.18","18-Mar-2025"
"ITETFADD","DSP Nifty IT ETF","34.12","34.54","33.47","34.46","34.54","-","0.08","0.23","22,619","0.08","34.22","48.66","32.00",-8.91,"16-Apr-2024","1.30","18-Mar-2025"
"EGOLD","Edelweiss Gold ETF","96.05","96.60","95.65","95.55","95.75","-","0.20","0.21","14,093","0.14","95.43","96.60","69.70",7.3,"16-Apr-2024","29.37","18-Mar-2025"
"AXISGOLD","Gold","80.50","80.75","79.91","79.94","80.11","-","0.17","0.21","4,24,293","3.41","79.46","80.75","58.20",7.47,"16-Apr-2024","29.01","18-Mar-2025"
"GROWWGOLD","Commodity","94.97","95.06","93.85","93.67","93.85","-","0.18","0.19","2,19,428","2.07","93.47","95.06","73.00",7.35,"-","-","18-Mar-2025"
"LICNETFGSC","GSEC10 NSE Index","27.96","28.09","27.87","27.96","28.01","-","0.05","0.18","42,609","0.12","27.98","28.09","23.57",2.64,"16-Apr-2024","12.17","18-Mar-2025"
"MIDCAP","Nifty Midcap 50 Index","149.80","150.99","148.83","149.80","150.05","-","0.25","0.17","41,095","0.62","149.60","173.65","134.98",5.49,"16-Apr-2024","7.29","18-Mar-2025"
"HDFCNIFIT","HDFC NIFTY IT ETF","34.48","34.72","33.79","34.48","34.53","-","0.05","0.15","20,37,011","6.93","34.54","47.74","32.24",-8.84,"16-Apr-2024","1.26","18-Mar-2025"
"EBBETF0431","Nifty BHARAT Bond","1,335.00","1,339.00","1,333.79","1,335.51","1,336.99","-","1.48","0.11","10,494","1.40","1,335.63","1,360.00","1,207.10",2.73,"16-Apr-2024","10.45","18-Mar-2025"
"EBBETF0430","Nifty BHARAT Bond","1,535.35","1,535.35","1,490.64","1,490.63","1,492.08","-","1.45","0.10","65,378","9.77","1,492.31","1,535.35","1,311.45",2.42,"16-Apr-2024","10.08","18-Mar-2025"
"GROWWLIQID","Nifty 1D Rate Index","103.56","103.89","103.56","103.57","103.64","-","0.07","0.07","7,31,003","7.58","103.57","105.30","98.00",0.51,"-","-","18-Mar-2025"
"LIQUIDCASE","Zerodha Nifty 1D Rate Liquid ETF","108.16","108.16","108.14","108.08","108.16","-","0.08","0.07","93,03,901","100.61","108.08","111.30","98.60",0.54,"16-Apr-2024","6.35","18-Mar-2025"
"GSEC10YEAR","Mirae Asset Nifty 8-13 yr G-Sec ETF","28.84","28.97","28.81","28.82","28.84","-","0.02","0.07","17,218","0.05","28.80","31.00","23.69",2.71,"16-Apr-2024","12.44","18-Mar-2025"
"LIQUIDADD","DSP S&P BSE Liquid Rate ETF","1,067.67","1,068.32","1,067.67","1,067.67","1,068.31","-","0.64","0.06","6,90,319","73.75","1,067.67","1,219.70","949.27",0.52,"16-Apr-2024","6.32","18-Mar-2025"
"CASHIETF","BSE Liquid Rate Index","1,006.59","1,006.59","1,006.59","1,005.97","1,006.59","-","0.62","0.06","148","0.01","1,005.97","1,034.60","1,001.47","-","-","-","-"
"LIQUIDPLUS","Nifty 1D Rate Index","1,028.28","1,028.29","1,028.27","1,027.64","1,028.29","-","0.65","0.06","40,002","4.11","1,027.64","1,038.75","994.83",0.53,"-","-","18-Mar-2025"
"LIQUIDSHRI","SHRIRAM NIFTY 1D RATE LIQUID ETF","1,048.90","1,048.90","1,048.89","1,048.29","1,048.89","-","0.60","0.06","10,892","1.14","1,048.30","1,095.15","1,000.00",0.51,"-","-","18-Mar-2025"
"LIQUIDBETF","Bajaj Finserv Nifty 1D Rate Liquid ETF","1,026.51","1,026.55","1,026.51","1,025.90","1,026.54","-","0.64","0.06","2,94,351","30.22","1,025.89","1,200.19","810.00",0.53,"-","-","18-Mar-2025"
"AONELIQUID","Niftyﾠ1D Rate Index","1,004.31","1,004.33","1,004.31","1,003.72","1,004.31","-","0.59","0.06","565","0.06","1,003.72","1,004.33","1,000.00","-","-","-","-"
"LIQUID1","Kotak Nifty 1D Rate Liquid ETF","1,046.05","1,046.09","1,046.05","1,045.43","1,046.07","-","0.64","0.06","13,52,999","141.53","1,045.44","1,120.00","999.68",0.54,"16-Apr-2024","4.61","18-Mar-2025"
"HDFCLIQUID","HDFC Nifty 1D Rate Liquid ETF","1,007.59","1,007.63","1,007.59","1,007.04","1,007.63","-","0.59","0.06","19,075","1.92","-","1,030.00","975.00",0.5,"16-Apr-2024","0.76","18-Mar-2025"
"GROWWDEFNC","Nifty India Defence Index- Total Return Index","66.49","66.50","64.51","65.97","66.00","-","0.03","0.05","1,45,098","0.96","65.88","72.00","49.83",14.1,"-","-","18-Mar-2025"
"LIQUIDIETF","S&P BSE Liquid Rate Index","1,000.00","1,000.01","999.99","999.99","1,000.00","-","0.01","-","6,44,497","64.45","1,000.00","1,030.00","983.35",0,"16-Apr-2024","-","18-Mar-2025"
"LIQUIDBEES","Government Securities","1,000.00","1,000.46","999.99","1,000.00","1,000.00","-","-","-","40,90,040","409.00","1,000.00","1,030.00","970.00",0,"16-Apr-2024","-","18-Mar-2025"
"LIQUIDETF","Nifty1D rate index","999.99","1,000.01","999.99","999.99","1,000.00","-","0.01","-","1,68,163","16.82","1,000.00","1,020.00","980.55",0,"16-Apr-2024","-","18-Mar-2025"
"LIQUIDSBI","SBI NIFTY 1D Rate ETF","1,000.00","1,000.01","1,000.00","1,000.00","1,000.01","-","0.01","-","5,402","0.54","1,000.00","1,000.01","990.15",0,"16-Apr-2024","-","18-Mar-2025"
"ABSLLIQUID","Aditya Birla Sun Life CRISIL Overnight Fund AI ETF","1,000.00","1,000.01","999.99","1,000.00","1,000.01","-","0.01","-","3,753","0.38","1,000.00","1,030.00","990.00",0,"16-Apr-2024","-","18-Mar-2025"
"LIQUID","Mirae Asset Nifty 1D Rate Liquid ETF","999.00","1,000.00","999.00","999.99","999.99","-","-","-","2,83,287","28.33","1,000.00","1,030.00","990.00",0,"16-Apr-2024","-","18-Mar-2025"
"SBIETFIT","Nifty IT Index","359.96","361.38","350.58","358.85","358.81","-","-0.04","-0.01","21,270","0.76","358.87","510.00","335.00",-9.15,"16-Apr-2024","0.61","18-Mar-2025"
"SDL26BEES","Nifty SDL Apr 2026 Top 20 Equal Weight Index","129.99","129.99","129.05","129.84","129.80","-","-0.04","-0.03","717","0.01","129.84","130.20","119.20",0.96,"16-Apr-2024","8.15","18-Mar-2025"
"MODEFENCE","Nifty India Defence Total Return Index","72.01","73.00","72.01","72.44","72.41","-","-0.03","-0.04","15,18,033","11.00","72.32","80.00","55.21",14.18,"-","-","18-Mar-2025"
"MASPTOP50","S&P 500 Top 50 Total Return Index","47.19","47.73","46.46","47.26","47.20","-","-0.06","-0.13","4,00,052","1.88","41.54","64.95","36.48",-4.18,"16-Apr-2024","7.14","18-Mar-2025"
"IVZINGOLD","Gold","8,368.65","8,410.45","8,310.00","8,327.00","8,310.00","-","-17.00","-0.20","600","0.50","8,312.65","8,410.45","6,060.25",7.23,"16-Apr-2024","27.31","18-Mar-2025"
"AXISTECETF","NIFTY IT Index","353.01","358.00","348.63","357.25","356.43","-","-0.82","-0.23","4,490","0.16","356.58","498.96","333.05",-9.06,"16-Apr-2024","0.38","18-Mar-2025"
"NIF10GETF","UTI Nifty 10 yr Benchmark G-Sec ETF","25.73","25.74","25.55","25.62","25.55","-","-0.07","-0.27","73,621","0.19","25.61","27.25","22.10",3.17,"16-Apr-2024","11.92","18-Mar-2025"
"TECH","Nifty IT TRI Index","36.25","36.25","34.38","35.27","35.10","-","-0.17","-0.48","48,372","0.17","35.10","49.77","33.20",-8.78,"16-Apr-2024","1.09","18-Mar-2025"
"HNGSNGBEES","Hang Seng Index","381.26","385.70","376.90","380.43","377.94","-","-2.49","-0.65","2,25,512","8.57","333.30","448.90","205.00",-14.6,"16-Apr-2024","47.66","18-Mar-2025"
"MOGSEC","Nifty 5 yr Benchmark G-Sec Index","61.49","61.80","60.29","61.39","60.80","-","-0.59","-0.96","11,130","0.07","60.72","62.32","53.40",1.99,"16-Apr-2024","11.23","18-Mar-2025"
"MONQ50","Nasdaq Q-50 Total Return Index","67.94","70.10","67.59","68.63","67.93","-","-0.70","-1.02","7,51,515","5.13","62.38","93.32","57.51",-10.14,"16-Apr-2024","11.15","18-Mar-2025"
"MAFANG","NYSE FANG+ Total Return Index","117.30","117.30","114.50","117.00","115.70","-","-1.30","-1.11","8,30,608","9.63","94.78","153.48","89.25",-0.5,"16-Apr-2024","21.61","18-Mar-2025"
"TATSILV","Tata Silver Exchange Traded Fund","9.50","9.50","9.33","9.50","9.36","-","-0.14","-1.47","33,06,098","3.11","9.45","10.32","7.00",-5.07,"16-Apr-2024","12.91","18-Mar-2025"
"SILVERCASE","Commodity-Silver","10.07","10.37","9.78","9.95","9.79","-","-0.16","-1.61","2,96,458","0.29","14.98","10.99","9.00","-","-","-","-"
"SILVRETF","Mirae Asset Silver ETF","95.45","95.45","92.19","95.44","93.85","-","-1.59","-1.67","85,365","0.80","95.19","100.47","78.40",-5.13,"16-Apr-2024","12.59","18-Mar-2025"
"SILVER1","Kotak Silver ETF","94.99","94.99","93.26","94.99","93.39","-","-1.60","-1.68","3,17,535","2.97","94.75","111.00","77.90",-5.21,"16-Apr-2024","13.51","18-Mar-2025"
"SILVERADD","DSP Silver ETF","94.23","94.78","92.56","94.50","92.90","-","-1.60","-1.69","92,385","0.87","94.06","98.69","77.20",-5.16,"16-Apr-2024","13.09","18-Mar-2025"
"HDFCSILVER","HDFC Silver ETF","96.80","96.80","92.26","94.00","92.40","-","-1.60","-1.70","6,55,761","6.07","93.77","100.35","77.43",-5.31,"16-Apr-2024","13.44","18-Mar-2025"
"SILVERBEES","Domestic price of Silver- based on LBMA Silver daily spot fixing price","92.99","93.07","91.97","93.80","92.20","-","-1.60","-1.71","84,22,078","77.88","93.65","100.00","76.70",-5.4,"16-Apr-2024","12.62","18-Mar-2025"
"AXISILVER","Axis Silver ETF","97.60","97.60","94.52","97.60","95.90","-","-1.70","-1.74","52,498","0.50","97.18","103.83","80.00",-5.06,"16-Apr-2024","13.66","18-Mar-2025"
"ESILVER","Edelweiss Silver ETF","97.88","97.88","96.20","98.15","96.35","-","-1.80","-1.83","1,62,169","1.57","97.81","102.99","75.97",-5.2,"16-Apr-2024","13.19","18-Mar-2025"
"SBISILVER","SBI SILVER ETF","98.00","98.00","94.34","96.12","94.36","-","-1.76","-1.83","2,39,092","2.27","95.83","103.05","79.07",-4.78,"-","-","18-Mar-2025"
"SILVER","Physical price of Silver","97.80","97.80","95.81","97.80","96.00","-","-1.80","-1.84","4,43,128","4.27","97.38","104.55","80.00",-5.07,"16-Apr-2024","13.36","18-Mar-2025"
"SILVERIETF","Domestic Price of Silver","99.00","99.00","95.60","97.82","95.85","-","-1.97","-2.01","12,94,994","12.46","97.30","101.85","80.01",-5.32,"16-Apr-2024","12.60","18-Mar-2025"
"SILVERETF","UTI Silver Exchange Traded Fund (UTI Silver ETF)","94.79","95.00","93.00","95.04","93.10","-","-1.94","-2.04","3,90,469","3.66","95.18","100.00","79.50",-5.39,"16-Apr-2024","11.20","18-Mar-2025"